1	0	tests/__init__.py
7	1	tests/agent_tests/helpers.py
41	9	tests/agent_tests/test_agent_runtime.py
33	14	tests/agent_tests/test_agent_security.py
1	1	tests/application_tests/test_conversations.py
61	14	tests/application_tests/test_mcp.py
8	8	tests/conftest.py
1	0	tests/direct_tests/__init__.py
68	0	tests/direct_tests/helpers.py
18	14	tests/direct_tests/test_context_security.py
159	220	tests/direct_tests/test_file_security.py
13	17	tests/direct_tests/test_profile_security.py
55	4	tests/scripts/summarize_results.py
1	0	tests/unit_tests/__init__.py
1	0	tests/unit_tests/agents/__init__.py
162	0	tests/unit_tests/agents/test_enforcement.py
316	0	tests/unit_tests/agents/test_side_effects.py
166	0	tests/unit_tests/agents/test_tool_exposure.py
1	0	tests/unit_tests/authorization/__init__.py
35	0	tests/unit_tests/authorization/helpers.py
92	0	tests/unit_tests/authorization/test_actions.py
50	0	tests/unit_tests/authorization/test_engine.py
231	0	tests/unit_tests/authorization/test_policies.py
56	0	tests/unit_tests/authorization/test_validation.py
0	0	tests/unit_tests/mcp_client/__init__.py
89	0	tests/unit_tests/mcp_client/test_path_helpers.py
